<?xml version="1.0" encoding="UTF-8"?>
<!DOCTYPE configuration PUBLIC "-//mybatis.org//DTD Config 3.0//EN" "http://mybatis.org/dtd/mybatis-3-config.dtd">
<configuration>

    <settings>
        <setting name="lazyLoadingEnabled" value="true" />
        <setting name="cacheEnabled" value="true" />
        <setting name="callSettersOnNulls" value="true" />
        <setting name="multipleResultSetsEnabled" value="true" />
        <setting name="useColumnLabel" value="true" />
        <setting name="useGeneratedKeys" value="false" />
        <setting name="defaultExecutorType" value="SIMPLE" />
        <setting name="defaultStatementTimeout" value="30" />
        <setting name="safeRowBoundsEnabled" value="false" />
        <setting name="mapUnderscoreToCamelCase" value="true" />
        <setting name="localCacheScope" value="SESSION" />
        <setting name="lazyLoadTriggerMethods" value="equals,clone,hashCode,toString" />
        <setting name="jdbcTypeForNull" value="NULL" />
    </settings>

    <typeAliases>
        <typeAlias alias="main" type="sh.love.jpa.domain.Main" />
    </typeAliases>

</configuration>
